date,pool,pit,color,sex,year,salinity,pool_temp,notes,recap
2022-03-18,0,3266,orange,m,2019,0,4,Upland forest below Otter Cliffs parking lot. Lung tissue herniated upon incision.,yes
2022-03-18,0,3274,red,m,2020_2021,0,4,"Larger pool above 5, left of 6",yes
2022-03-19,7,3216,red,m,2020_2021,0,5,NA,yes
2022-03-19,11,3261,red,m,2020_2021,0,5,NA,yes
2022-03-19,12,3266,orange,m,2019,0,5,Severed herniated lung tissue upon recapture. Hopes are higher for this individual's recovery.,yes
2022-03-19,5,3274,red,m,2020_2021,0,5,"Accidentally double-tagged, #900043000243219",yes
2022-03-19,0,3278,yellow,m,2017,0,5,In brush above pool 8,yes
2022-03-19,7,3293,NA,m,2022,0,5,NA,no
2022-03-19,4,3303,orange,m,2019,0,5,NA,yes
2022-03-20,7,3216,red,m,2020_2021,0.29,5.5,NA,yes
2022-03-20,0,3247,NA,m,2022,0,5.5,NA,no
2022-03-20,5,3278,yellow,m,2017,0.32,5.5,NA,yes
2022-03-20,7,3305,NA,m,2022,0.29,5.5,NA,no
2022-03-20,7,3316,red,m,2020_2021,0.29,5.5,NA,yes
2022-03-20,7,3330,red,m,2020_2021,0.29,5.5,NA,yes
2022-03-20,7,3336,red,m,2020_2021,0.29,5.5,NA,yes
2022-03-20,0,3337,NA,m,2022,0,5.5,NA,no
2022-03-20,12,3355,orange,m,2019,0.3,5.5,NA,yes
2022-03-20,5,3358,NA,m,2022,0.32,5.5,NA,no
2022-03-20,5,3382,NA,m,2022,0.32,5.5,NA,no
2022-03-20,5,3383,NA,m,2022,0.32,5.5,NA,no
2022-03-21,0,3336,red,m,2020_2021,0,2,In moss just above pool 6,yes
2022-03-24,6,3208,orange,f,2019,0.19,4.3,NA,yes
2022-03-24,7,3216,red,m,2020_2021,0.2,4.4,NA,yes
2022-03-24,7,3261,red,m,2020_2021,0.2,4.4,NA,yes
2022-03-24,7,3264,orange,m,2019,0.2,4.4,NA,yes
2022-03-24,7,3274,red,m,2020_2021,0.2,4.4,NA,yes
2022-03-24,6,3337,NA,m,2022,0.19,4.3,NA,no
2022-03-25,7,3216,red,m,2020_2021,0.27,5.8,NA,yes
2022-03-25,7,3261,red,m,2020_2021,0.27,5.8,NA,yes
2022-03-25,3,3303,orange,m,2019,0.29,5.8,NA,yes
2022-03-25,13,3305,NA,m,2022,0.3,5.9,NA,no
2022-03-25,0,3325,NA,m,2022,0.19,5.2,NA,no
2022-03-25,6,3347,NA,m,2022,0.27,5.8,NA,no
2022-03-25,0,3359,red,f,2020_2021,0.19,5.2,NA,yes
2022-03-25,13,3372,NA,m,2022,0.3,5.9,NA,no
2022-03-25,7,3373,orange,m,2019,0.27,5.8,NA,yes
2022-03-25,1,3379,NA,m,2022,0.36,5.4,NA,no
2022-03-25,7,3384,orange,m,2019,0.27,5.8,Regenerating foot. Color tag extremely subtle,yes
2022-03-25,1,3402,orange,m,2019,0.36,5.4,NA,yes
2022-03-26,3,3211,orange,m,2019,0.29,8.5,"Another salamander evaded capture, but we measured salinity in the deeper part of the pool where it was seen: 1.1ppt 9.1Â°C",yes
2022-03-26,7,3216,red,m,2020_2021,0.24,9.2,NA,yes
2022-03-26,7,3274,red,m,2020_2021,0.24,9.2,Moving to Pool 6,yes
2022-03-26,7,3289,pink,m,2018,0.24,9.2,NA,yes
2022-03-26,13,3305,NA,m,2022,0.33,8.8,NA,no
2022-03-26,6,3337,NA,m,2022,0.26,8.2,NA,no
2022-03-26,7,3359,red,f,2020_2021,0.24,9.2,NA,yes
2022-03-26,15,3372,NA,m,2022,0.47,8.3,NA,no
2022-03-26,1,3402,orange,m,2019,0.32,8.5,NA,yes
2022-03-26,3,NA,NA,NA,NA,1.1,9.1,Uncaptured,NA
2022-03-27,7,3216,red,m,2020_2021,0.22,9,NA,yes
2022-03-27,5,3242,yellow,m,2017,0.26,8.4,NA,yes
2022-03-27,7,3261,red,m,2020_2021,0.22,9,NA,yes
2022-03-27,7,3265,NA,m,2022,0.22,9,NA,no
2022-03-27,7,3274,red,m,2020_2021,0.22,9,NA,yes
2022-03-27,13,3305,NA,m,2022,0.33,9.4,NA,no
2022-03-27,7,3325,NA,m,2022,0.22,9,NA,no
2022-03-27,12,3358,NA,m,2022,0.22,8.7,NA,no
2022-03-27,1,NA,NA,NA,NA,0.27,8.4,Uncaptured,NA
2022-03-27,5,NA,NA,NA,NA,0.26,8.4,Uncaptured,NA
2022-03-30,NA,NA,NA,NA,NA,NA,NA,No salamanders at the point tonight,NA
2022-03-31,5,1299,red,m,2020_2021,NA,NA,NA,yes
2022-03-31,5,3207,orange,m,2019,NA,NA,NA,yes
2022-03-31,0,3212,NA,m,2022,0.12,7.7,Outside pool 9,no
2022-03-31,0,3221,NA,m,2022,0.12,7.7,Outside pool 9,no
2022-03-31,11,3221,NA,m,2022,0.18,7.6,Moved on tagging night,no
2022-03-31,7,3230,yellow,m,2017,NA,NA,One eye!,yes
2022-03-31,0,3247,NA,m,2022,0.12,7.4,Right of pool 3 facing ocean,no
2022-03-31,0,3248,red,m,2020_2021,0.12,7.7,Outside pool 9,yes
2022-03-31,0,3248,red,m,2020_2021,0,3.8,On path 2 above pools below road - Seen leaving breeding grounds the night of tagging.,yes
2022-03-31,0,3252,orange,m,2019,0.12,7.7,Outside pool 9,yes
2022-03-31,7,3252,orange,m,2019,NA,NA,Moved on tagging night,yes
2022-03-31,7,3259,yellow,m,2017,NA,NA,scarred face,yes
2022-03-31,7,3264,orange,m,2019,NA,NA,NA,yes
2022-03-31,6,3265,NA,m,2022,NA,NA,NA,no
2022-03-31,7,3274,red,m,2020_2021,NA,NA,NA,yes
2022-03-31,0,3282,red,m,2020_2021,0.12,7.7,Outside pool 9,yes
2022-03-31,7,3289,pink,m,2018,NA,NA,NA,yes
2022-03-31,6,3304,orange,m,2019,NA,NA,Tag expelled,yes
2022-03-31,13,3305,NA,m,2022,0.28,7.4,NA,no
2022-03-31,9,3307,orange,m,2019,0.2,7.5,Female in notes,yes
2022-03-31,3,3313,red,m,2020_2021,0.21,7.3,NA,yes
2022-03-31,9,3314,red,m,2020_2021,0.2,7.5,Beautiful orange spots - Pink in notes,yes
2022-03-31,0,3319,NA,m,2022,0.12,7.4,Right of pool 3 facing ocean,no
2022-03-31,5,3320,NA,m,2022,NA,NA,Uncertain images,no
2022-03-31,3,3322,red,m,2020_2021,0.21,7.3,NA,yes
2022-03-31,10,3322,red,m,2020_2021,0.19,7.6,Moved on tagging night,yes
2022-03-31,5,3325,NA,m,2022,NA,NA,NA,no
2022-03-31,0,3326,red,m,2020_2021,0.12,7.7,Outside pool 9,yes
2022-03-31,6,3337,NA,m,2022,NA,NA,NA,no
2022-03-31,0,3341,NA,m,2022,0,3.8,On trail below road above pools,no
2022-03-31,0,3345,NA,m,2022,0.12,7.4,Right of pool 3 facing ocean,no
2022-03-31,0,3349,NA,m,2022,0.12,7.4,Right of pool 3 facing ocean,no
2022-03-31,0,3352,yellow,m,2017,0.12,7.7,Outside pool 9,yes
2022-03-31,7,3355,orange,m,2019,NA,NA,NA,yes
2022-03-31,9,3360,NA,m,2022,0.2,7.5,Pink in notes,no
2022-03-31,9,3362,NA,f,2022,0.2,7.5,NA,no
2022-03-31,9,3364,red,m,2020_2021,0.2,7.5,NA,yes
2022-03-31,15,3364,red,m,2020_2021,0.36,7.2,Moved on tagging night,yes
2022-03-31,13,3372,NA,m,2022,0.28,7.4,NA,no
2022-03-31,10,3382,NA,m,2022,0.19,7.6,NA,no
2022-03-31,0,3386,red,m,2020_2021,0.12,7.4,Right of pool 3 facing ocean,yes
2022-03-31,9,3391,red,m,2020_2021,0.2,7.5,Female in notes,yes
2022-03-31,0,3395,NA,m,2022,0.12,7.4,Right of pool 3 facing ocean,no
2022-03-31,0,3398,orange,m,2019,0.12,7.4,Right of pool 3 facing ocean,yes
2022-03-31,9,3399,NA,m,2022,0.2,7.5,NA,no
2022-03-31,0,3400,NA,m,2022,0.12,7.4,Right of pool 3 facing ocean,no
2022-03-31,7,3400,NA,m,2022,NA,NA,Moved on tagging night,no
2022-03-31,1,3402,orange,m,2019,0.25,6.7,NA,yes
2022-03-31,5,NA,NA,m,2022,NA,NA,NA,no
2022-03-31,5,NA,orange,m,2019,NA,NA,NA,yes
2022-03-31,5,NA,NA,m,2022,NA,NA,NA,no
2022-03-31,6,NA,yellow,f,2017,NA,NA,NA,yes
2022-03-31,6,NA,red,m,2020_2021,NA,NA,NA,yes
2022-03-31,6,NA,NA,m,2022,NA,NA,NA,no
2022-03-31,6,NA,orange,m,2019,NA,NA,NA,yes
2022-03-31,6,NA,yellow,m,2017,NA,NA,NA,yes
2022-03-31,6,NA,red,m,2020_2021,NA,NA,NA,yes
2022-03-31,6,NA,NA,m,2022,NA,NA,NA,no
2022-03-31,7,NA,NA,f,2022,NA,NA,Under Root,no
2022-03-31,7,NA,yellow,m,2017,NA,NA,NA,yes
2022-03-31,7,NA,NA,m,2022,NA,NA,NA,no
2022-03-31,7,NA,red,m,2020_2021,NA,NA,NA,yes
2022-03-31,7,NA,NA,m,2022,NA,NA,NA,no
2022-03-31,7,NA,NA,m,2022,NA,NA,NA,no
2022-03-31,7,NA,yellow,m,2017,NA,NA,Big,yes
2022-03-31,7,NA,NA,m,2022,NA,NA,IMG1340? - Uncertain,no
2022-03-31,7,NA,red,m,2020_2021,NA,NA,NA,yes
2022-03-31,7,NA,NA,m,2022,NA,NA,NA,no
2022-03-31,7,NA,NA,m,2022,NA,NA,NA,no
2022-03-31,7,NA,NA,NA,NA,NA,NA,Uncaptured,NA
2022-03-31,7,NA,NA,NA,NA,NA,NA,Uncaptured,NA
2022-03-31,7,NA,NA,NA,NA,NA,NA,Uncaptured,NA
2022-03-31,8,NA,NA,f,2022,0.19,7.5,NA,no
2022-03-31,8,NA,NA,m,2022,0.19,7.5,NA,no
2022-03-31,8,NA,NA,m,2022,0.19,7.5,NA,no
2022-03-31,12,NA,NA,m,2022,0.18,7.5,NA,no
2022-03-31,13,NA,NA,f,2022,0.28,7.4,NA,no
2022-03-31,13,NA,red,m,2020_2021,0.28,7.4,NA,yes
2022-03-31,13,NA,NA,m,2022,0.28,7.4,NA,no
2022-03-31,13,NA,red,m,2020_2021,0.28,7.4,NA,yes
2022-03-31,13,NA,orange,m,2019,0.28,7.4,NA,yes
2022-03-31,13,NA,red,m,2020_2021,0.28,7.4,Looks older,yes
2022-03-31,13,NA,NA,m,2022,0.28,7.4,NA,no
2022-03-31,13,NA,NA,m,2022,0.28,7.4,NA,no
2022-03-31,13,NA,NA,m,2022,0.28,7.4,NA,no
2022-03-31,15,NA,orange,m,2019,0.36,7.2,NA,yes
2022-03-31,15,NA,orange,m,2019,0.36,7.2,NA,yes
2022-03-31,15,NA,orange,m,2019,0.36,7.2,Photo is female?,yes
2022-03-31,15,NA,red,m,2020_2021,0.36,7.2,NA,yes
2022-03-31,15,NA,NA,m,2022,0.36,7.2,NA,no
2022-03-31,11,NA,yellow,m,2017,0.18,7.6,NA,yes
2022-03-31,11,NA,red,m,2020_2021,0.18,7.6,NA,yes
2022-03-31,11,NA,red,m,2020_2021,0.18,7.6,NA,yes
2022-03-31,11,NA,red,m,2020_2021,0.18,7.6,NA,yes
2022-03-31,11,NA,NA,m,2022,0.18,7.6,NA,no
2022-04-01,2,3208,orange,f,2019,0.13,8,NA,yes
2022-04-01,3,3211,orange,m,2019,0.19,8,NA,yes
2022-04-01,1,3306,red,m,2020_2021,0.2,7.3,NA,yes
2022-04-01,15,3312,NA,m,2022,0.37,7.4,NA,no
2022-04-01,13,3314,red,m,2020_2021,0.24,8,NA,yes
2022-04-01,11,3317,orange,m,2019,0.18,8.2,NA,yes
2022-04-01,4,3318,orange,m,2019,0.18,8.2,NA,yes
2022-04-01,3,3320,NA,m,2022,0.19,8,NA,no
2022-04-01,5,3323,orange,m,2019,0.18,7.8,NA,yes
2022-04-01,0,3324,red,m,2020_2021,0,3.3,NA,yes
2022-04-01,5,3325,NA,m,2022,0.18,7.8,NA,no
2022-04-01,15,3327,orange,m,2019,0.37,7.4,NA,yes
2022-04-01,13,3328,red,m,2020_2021,0.24,8,NA,yes
2022-04-01,11,3329,red,m,2020_2021,0.18,8.2,NA,yes
2022-04-01,5,3332,NA,m,2022,0.18,7.8,NA,no
2022-04-01,13,3334,NA,m,2022,0.24,8,NA,no
2022-04-01,0,3338,NA,m,2022,0,3.3,NA,no
2022-04-01,3,3339,yellow,f,2017,0.19,8,NA,yes
2022-04-01,1,3340,red,m,2020_2021,0.2,7.3,Color debated,yes
2022-04-01,15,3343,NA,m,2022,0.37,7.4,NA,no
2022-04-01,15,3344,orange,m,2019,0.37,7.4,NA,yes
2022-04-01,11,3348,yellow,m,2017,0.18,8.2,NA,yes
2022-04-01,15,3351,orange,m,2019,0.37,7.4,NA,yes
2022-04-01,15,3356,orange,m,2019,0.37,7.4,NA,yes
2022-04-01,5,3363,red,m,2020_2021,0.18,7.8,NA,yes
2022-04-01,11,3365,yellow,m,2017,0.18,8.2,NA,yes
2022-04-01,3,3366,NA,m,2022,0.19,8,NA,no
2022-04-01,13,3367,orange,f,2019,0.24,8,NA,yes
2022-04-01,5,3370,orange,m,2019,0.18,7.8,NA,yes
2022-04-01,11,3371,NA,m,2022,0.18,8.2,NA,no
2022-04-01,5,3376,NA,m,2022,0.18,7.8,NA,no
2022-04-01,15,3378,orange,m,2019,0.37,7.4,NA,yes
2022-04-01,5,3385,NA,m,2022,0.18,7.8,NA,no
2022-04-01,11,3387,orange,m,2019,0.18,8.2,NA,yes
2022-04-01,15,3388,red,f,2020_2021,0.37,7.4,NA,yes
2022-04-01,11,3389,orange,m,2019,0.18,8.2,NA,yes
2022-04-01,5,3390,yellow,m,2017,0.18,7.8,NA,yes
2022-04-01,5,3392,red,m,2020_2021,0.18,7.8,NA,yes
2022-04-01,15,3394,NA,f,2022,0.37,7.4,NA,no
2022-04-01,3,3397,NA,m,2022,0.19,8,NA,no
2022-04-01,0,3399,NA,m,2022,0,3.3,NA,no
2022-04-01,1,3402,orange,m,2019,0.2,7.3,NA,yes
2022-04-01,4,3403,red,m,2020_2021,0.18,8.2,Possibly female,yes
2022-04-01,0,3404,NA,m,2022,0,3.3,NA,no
2022-04-02,7,3307,orange,m,2019,0.19,8.8,NA,yes
2022-04-02,15,3311,NA,m,2022,0.3,7.6,NA,no
2022-04-02,7,3354,red,m,2020_2021,0.19,8.8,NA,yes
2022-04-02,7,3357,orange,m,2019,0.19,8.8,NA,yes
2022-04-02,15,3394,NA,f,2022,0.3,7.6,NA,no
2022-04-02,0,3399,NA,m,2022,NA,NA,"Below pool 5, above pool 8",no
2022-04-02,1,NA,NA,NA,NA,0.26,8.4,Uncaptured,NA
2022-04-02,15,NA,NA,f,2022,0.3,7.6,Uncaptured,no
2022-04-03,15,3394,NA,f,2022,0.29,6.4,NA,no
2022-04-03,0,NA,NA,NA,NA,0,7.9,"Uncapture - Above 11, below 8, in a crevice that seems impossible to hide in...",NA
2022-04-03,1,NA,NA,NA,NA,0.2,8.2,Uncaptured,NA
2022-04-03,15,NA,NA,f,2022,0.29,6.4,Actively Laying Eggs,no
2022-04-03,15,NA,NA,f,2022,0.29,6.4,"Uncaptured, checked for UV tag",no
2022-04-04,7,3216,red,m,2020_2021,0.16,10,NA,yes
2022-04-04,7,3307,orange,m,2019,0.16,10,NA,yes
2022-04-04,11,3309,NA,f,2022,0.18,10,NA,no
2022-04-04,7,3333,NA,f,2022,0.16,10,NA,no
2022-04-04,11,3335,red,f,2020_2021,0.18,10,NA,yes
2022-04-04,1,3340,red,m,2020_2021,0.17,NA,Color debated,yes
2022-04-04,7,3342,NA,f,2022,0.16,10,NA,no
2022-04-04,7,3346,NA,f,2022,0.16,10,NA,no
2022-04-04,11,3353,NA,f,2022,0.18,10,NA,no
2022-04-04,5,3368,NA,f,2022,0.19,8.7,NA,no
2022-04-04,11,3369,NA,f,2022,0.18,10,NA,no
2022-04-04,15,3381,NA,f,2022,0.27,8.8,NA,no
2022-04-04,15,3394,NA,f,2022,0.27,8.8,NA,no
2022-04-04,7,NA,NA,f,2022,0.15,9.8,laying eggs,no
2022-04-04,15,NA,NA,f,NA,0.27,8.8,laying eggs,NA
2022-04-04,15,NA,NA,f,NA,0.27,8.8,laying eggs,NA
2022-04-05,7,3216,red,m,2020_2021,0.16,11.6,NA,yes
2022-04-05,15,3308,NA,f,2022,0.26,8.6,NA,no
2022-04-05,7,3315,yellow,f,2017,0.16,11.6,NA,yes
2022-04-05,13,3331,NA,f,2022,0.25,9,NA,no
2022-04-05,7,3333,NA,f,2022,0.16,11.6,NA,no
2022-04-05,1,3340,red,m,2020_2021,0.23,7,Color debated,yes
2022-04-05,12,3348,yellow,m,2017,0.16,9.7,NA,yes
2022-04-05,11,3350,NA,f,2022,0.17,9,NA,no
2022-04-05,7,3353,NA,f,2022,0.16,11.6,NA,no
2022-04-05,13,3367,orange,f,2019,0.25,9,NA,yes
2022-04-05,15,3381,NA,f,2022,0.26,8.6,NA,no
2022-04-05,15,3394,NA,f,2022,0.26,8.6,NA,no
2022-04-05,7,3396,red,m,2020_2021,0.16,11.6,NA,yes
2022-04-05,3,NA,NA,f,NA,0.18,7.3,laying eggs,NA
2022-04-05,6,NA,NA,NA,NA,0.06,6.9,Uncaptured,NA
2022-04-05,7,NA,orange,f,2019,0.16,11.6,NA,yes
2022-04-05,7,NA,NA,f,2022,0.16,11.6,NA,no
2022-04-05,11,NA,yellow,f,2017,0.17,9,NA,yes
2022-04-05,13,NA,orange,f,2019,0.25,9,NA,yes
2022-04-05,13,NA,NA,f,2022,0.25,9,NA,no
2022-04-05,13,NA,NA,f,2022,0.25,9,NA,no
2022-04-05,15,NA,NA,NA,NA,0.26,8.6,NA,NA
2022-04-05,15,NA,NA,NA,NA,0.26,8.6,NA,NA
2022-04-06,7,3216,red,m,2020_2021,0.15,10.2,NA,yes
2022-04-06,7,3289,pink,m,2018,0.15,10.2,NA,yes
2022-04-06,7,3307,orange,m,2019,0.15,10.2,Forgot UV light,yes
2022-04-06,11,3367,orange,f,2019,0.23,10.5,NA,yes
2022-04-06,7,3373,orange,m,2019,0.15,10.2,NA,yes
2022-04-06,7,NA,NA,NA,NA,0.15,10.2,NA,NA
2022-04-06,7,NA,NA,NA,NA,0.15,10.2,NA,NA
2022-04-06,7,NA,NA,NA,NA,0.15,10.2,NA,NA
2022-04-06,7,NA,NA,NA,NA,0.15,10.2,NA,NA
2022-04-06,11,NA,NA,NA,NA,0.15,9.8,NA,NA
2022-04-06,12,NA,NA,NA,NA,0.15,9.8,NA,NA
2022-04-06,12,NA,NA,NA,NA,0.15,9.8,NA,NA
2022-04-06,12,NA,NA,NA,NA,0.15,9.8,NA,NA
2022-04-06,15,NA,NA,NA,NA,0.25,9.8,NA,NA
2022-04-06,15,NA,NA,NA,NA,0.25,9.8,NA,NA
2022-04-07,6,3221,NA,m,2022,0.14,7.4,NA,no
2022-04-07,12,3234,NA,m,NA,0.15,8.5,NA,NA
2022-04-07,12,3273,NA,m,NA,0.15,8.5,NA,NA
2022-04-07,7,3274,red,m,2020_2021,0.14,8.5,NA,yes
2022-04-07,0,3276,red,m,2020_2021,0.25,9.8,Checked color later,yes
2022-04-07,2,3284,NA,f,NA,0.17,7.8,NA,NA
2022-04-07,7,3321,NA,m,NA,0.14,8.5,Tail Clipped,NA
2022-04-07,12,3322,red,m,2020_2021,0.15,8.5,NA,yes
2022-04-07,6,3325,NA,m,2022,0.14,7.4,NA,no
2022-04-07,13,3334,NA,m,2022,0.23,8.8,NA,no
2022-04-07,11,3349,NA,m,2022,0.15,8.8,NA,no
2022-04-07,7,3359,red,f,2020_2021,0.14,8.5,sex debated,yes
2022-04-07,6,3361,NA,m,NA,0.14,7.4,NA,NA
2022-04-07,7,3374,NA,m,NA,0.14,8.5,NA,NA
2022-04-07,0,3375,NA,m,NA,0.25,9.8,Travelling from pool 6 - pool 5,NA
2022-04-07,0,3377,NA,m,NA,0.25,9.8,Forgot UV light,NA
2022-04-07,0,3380,NA,m,NA,0.25,9.8,Above 5,NA
2022-04-07,7,3393,NA,m,NA,0.14,8.5,NA,NA
2022-04-07,6,3401,NA,m,NA,0.14,7.4,NA,NA
2022-04-08,7,3206,orange,m,2019,0.31,6.9,NA,yes
2022-04-08,11,3209,NA,m,2022,0.31,7,NA,no
2022-04-08,13,3210,NA,m,2022,0.27,7,NA,no
2022-04-08,7,3212,NA,m,2022,0.31,6.9,NA,no
2022-04-08,13,3214,NA,f,2022,0.27,7,NA,no
2022-04-08,6,3215,red,m,2020_2021,0.48,6.9,NA,yes
2022-04-08,7,3216,red,m,2020_2021,0.31,6.9,NA,yes
2022-04-08,7,3218,NA,m,2022,0.31,6.9,NA,no
2022-04-08,7,3220,red,m,2020_2021,0.31,6.9,NA,yes
2022-04-08,0,3222,NA,m,2022,0.29,7.6,Park loop 1/4th the distance to fabbri picnic area,no
2022-04-08,15,3223,NA,m,2022,0.71,7.5,NA,no
2022-04-08,0,3225,NA,f,2022,0.29,7.6,"In path, likely stepped on",no
2022-04-08,11,3227,red,m,2020_2021,0.31,7,NA,yes
2022-04-08,7,3228,NA,m,2022,0.31,6.9,NA,no
2022-04-08,7,3231,yellow,f,2017,0.31,6.9,NA,yes
2022-04-08,12,3234,NA,m,NA,0.31,7,NA,NA
2022-04-08,12,3235,orange,f,2019,0.31,7,NA,yes
2022-04-08,7,3236,NA,m,2022,0.31,6.9,NA,no
2022-04-08,7,3237,NA,m,2022,0.31,6.9,NA,no
2022-04-08,0,3238,NA,f,2022,0.29,7.6,Path above pool 15,no
2022-04-08,7,3240,NA,f,2022,0.31,6.9,NA,no
2022-04-08,12,3241,NA,m,2022,0.31,7,NA,no
2022-04-08,7,3243,yellow,m,2017,0.31,6.9,Tail clipped,yes
2022-04-08,15,3246,orange,m,2019,0.71,7.5,NA,yes
2022-04-08,7,3249,pink,m,2018,0.31,6.9,NA,yes
2022-04-08,0,3250,NA,m,2022,0.29,7.6,NA,no
2022-04-08,7,3251,red,m,2020_2021,0.31,6.9,NA,yes
2022-04-08,13,3255,NA,m,2022,0.27,7,NA,no
2022-04-08,15,3257,NA,m,2022,0.71,7.5,NA,no
2022-04-08,12,3260,pink,m,2018,0.31,7,NA,yes
2022-04-08,8,3262,pink,m,2018,0.26,7.4,NA,yes
2022-04-08,12,3263,red,f,2020_2021,0.31,7,NA,yes
2022-04-08,7,3264,orange,m,2019,0.31,6.9,NA,yes
2022-04-08,7,3266,orange,m,2019,0.31,6.9,NA,yes
2022-04-08,0,3270,NA,m,2022,0.29,7.6,NA,no
2022-04-08,7,3271,NA,f,2022,0.31,6.9,NA,no
2022-04-08,13,3275,NA,m,2022,0.27,7,NA,no
2022-04-08,11,3277,orange,f,2019,0.31,7,NA,yes
2022-04-08,0,3279,NA,m,2022,0.29,7.6,NA,no
2022-04-08,0,3280,NA,m,2022,0.29,7.6,Path above pool 6,no
2022-04-08,12,3281,red,m,2020_2021,0.31,7,NA,yes
2022-04-08,8,3282,red,m,2020_2021,0.26,7.4,NA,yes
2022-04-08,12,3283,red,m,2020_2021,0.31,7,NA,yes
2022-04-08,7,3287,orange,m,2019,0.31,6.9,NA,yes
2022-04-08,7,3288,orange,m,2019,0.31,6.9,NA,yes
2022-04-08,12,3290,red,m,2020_2021,0.31,7,NA,yes
2022-04-08,15,3293,NA,m,2022,0.71,7.5,NA,no
2022-04-08,7,3297,NA,m,2022,0.31,6.9,NA,no
2022-04-08,12,3298,orange,m,2019,0.31,7,Color debateable,yes
2022-04-08,15,3299,NA,m,2022,0.71,7.5,NA,no
2022-04-08,15,3300,NA,m,2022,0.71,7.5,Great Spots!,no
2022-04-08,12,3301,red,m,2020_2021,0.31,7,NA,yes
2022-04-08,7,3302,NA,f,2022,0.31,6.9,NA,no
2022-04-08,7,3304,orange,m,2019,0.31,6.9,ORANGE TAG EXPELLED,yes
2022-04-08,1,3306,red,m,2020_2021,0.42,7.3,NA,yes
2022-04-08,13,3311,NA,m,2022,0.27,7,NA,no
2022-04-08,12,3317,orange,m,2019,0.31,7,NA,yes
2022-04-08,12,3322,red,m,2020_2021,0.31,7,NA,yes
2022-04-08,8,3323,orange,m,2019,0.26,7.4,NA,yes
2022-04-08,6,3325,NA,m,2022,0.48,6.9,NA,no
2022-04-08,15,3327,orange,m,2019,0.71,7.5,NA,yes
2022-04-08,13,3328,red,m,2020_2021,0.27,7,NA,yes
2022-04-08,12,3329,red,m,2020_2021,0.31,7,NA,yes
2022-04-08,8,3332,NA,m,2022,0.26,7.4,NA,no
2022-04-08,13,3334,NA,m,2022,0.27,7,NA,no
2022-04-08,0,3337,NA,m,2022,0.29,7.6,Above pool 6,no
2022-04-08,5,3339,yellow,f,2017,0.21,7.2,NA,yes
2022-04-08,1,3340,red,m,2020_2021,0.42,7.3,Color debated,yes
2022-04-08,5,3345,NA,m,2022,0.21,7.2,NA,no
2022-04-08,6,3345,NA,m,2022,0.48,6.9,Recaptured same night,no
2022-04-08,7,3347,NA,m,2022,0.31,6.9,NA,no
2022-04-08,12,3348,yellow,m,2017,0.31,7,NA,yes
2022-04-08,11,3349,NA,m,2022,0.31,7,NA,no
2022-04-08,15,3351,orange,m,2019,0.71,7.5,NA,yes
2022-04-08,7,3354,red,m,2020_2021,0.31,6.9,"Color Uncertain, noted pink on this night",yes
2022-04-08,12,3358,NA,m,2022,0.31,7,NA,no
2022-04-08,0,3361,NA,m,NA,0.29,7.6,"Above pool 6, recaptured same night",NA
2022-04-08,5,3361,NA,m,NA,0.21,7.2,NA,NA
2022-04-08,6,3366,NA,m,2022,0.48,6.9,NA,no
2022-04-08,12,3371,NA,m,2022,0.31,7,NA,no
2022-04-08,7,3373,orange,m,2019,0.31,6.9,NA,yes
2022-04-08,5,3377,NA,m,NA,0.21,7.2,NA,NA
2022-04-08,6,3377,NA,m,NA,0.48,6.9,Recaptured same night,NA
2022-04-08,12,3378,orange,m,2019,0.31,7,NA,yes
2022-04-08,6,3383,NA,m,2022,0.48,6.9,Recaptured same night,no
2022-04-08,7,3383,NA,m,2022,0.31,6.9,"In notes as 283, but 283 was tagged later this night",no
2022-04-08,0,3386,red,m,2020_2021,0.29,7.6,Above pool 6,yes
2022-04-08,12,3387,orange,m,2019,0.31,7,NA,yes
2022-04-08,11,3389,orange,m,2019,0.31,7,NA,yes
2022-04-08,5,3391,red,m,2020_2021,0.21,7.2,NA,yes
2022-04-08,5,3393,NA,m,NA,0.21,7.2,Moved to 0 above 8,NA
2022-04-08,6,3393,NA,m,NA,0.48,6.9,Recaptured same night,NA
2022-04-08,6,3398,orange,m,2019,0.48,6.9,NA,yes
2022-04-08,6,3401,NA,m,NA,0.48,6.9,NA,NA
2022-04-08,0,3403,red,m,2020_2021,0.29,7.6,NA,yes
2022-04-08,6,3403,red,m,2020_2021,0.48,6.9,Recaptured same night,yes
2022-04-08,0,3404,NA,m,2022,0.29,7.6,Above pool 6,no
2022-04-08,3,NA,NA,NA,NA,0.41,7.4,Uncaptured,NA
2022-04-08,6,NA,orange,f,2019,0.48,6.9,NA,yes
2022-04-08,6,NA,NA,f,2022,0.48,6.9,NA,no
2022-04-08,6,NA,NA,NA,NA,0.48,6.9,Uncaptured,NA
2022-04-08,6,NA,NA,NA,NA,0.48,6.9,Uncaptured,NA
2022-04-08,7,NA,orange,f,2019,0.31,6.9,NA,yes
2022-04-08,9,NA,NA,NA,NA,0.31,6.7,Uncaptured,NA
2022-04-08,12,NA,NA,NA,NA,0.31,7,Escaped after tagging,NA
2022-04-09,7,3216,red,m,2020_2021,0.21,8.3,NA,yes
2022-04-09,7,3218,NA,m,2022,0.21,8.3,NA,no
2022-04-09,0,3225,NA,f,2022,0,2,DECEASED - tagged for observation after possibly being stepped on,no
2022-04-09,13,3227,red,m,2020_2021,0.28,8.2,NA,yes
2022-04-09,6,3228,NA,m,2022,0.21,7.3,NA,no
2022-04-09,5,3229,red,m,2020_2021,0.2,7.4,NA,yes
2022-04-09,15,3244,red,f,2020_2021,0.42,7.7,Kind of pink VIE,yes
2022-04-09,6,3250,NA,m,2022,0.21,7.3,Between 6-7,no
2022-04-09,7,3251,red,m,2020_2021,0.21,8.3,NA,yes
2022-04-09,7,3253,red,m,2020_2021,0.21,8.3,NA,yes
2022-04-09,6,3254,red,m,2020_2021,0.21,7.3,NA,yes
2022-04-09,0,3256,NA,f,2022,0,2,Above 15,no
2022-04-09,7,3258,orange,m,2019,0.21,8.3,NA,yes
2022-04-09,12,3260,pink,m,2018,0.22,8,NA,yes
2022-04-09,7,3261,red,m,2020_2021,0.21,8.3,NA,yes
2022-04-09,0,3262,pink,m,2018,0,2,Above pool 5/6,yes
2022-04-09,7,3266,orange,m,2019,0.21,8.3,NA,yes
2022-04-09,7,3270,NA,m,2022,0.21,8.3,NA,no
2022-04-09,7,3279,NA,m,2022,0.21,8.3,NA,no
2022-04-09,3,3284,NA,f,NA,0.22,7.8,NA,NA
2022-04-09,1,3286,NA,m,2022,0.29,8,NA,no
2022-04-09,0,3287,orange,m,2019,0,2,Above pool 5/6,yes
2022-04-09,7,3292,red,m,2020_2021,0.21,8.3,NA,yes
2022-04-09,0,3294,NA,f,2022,0,2,Above 15,no
2022-04-09,0,3299,NA,m,2022,0,2,Above 15,no
2022-04-09,1,3306,red,m,2020_2021,0.29,8,NA,yes
2022-04-09,7,3307,orange,m,2019,0.21,8.3,NA,yes
2022-04-09,13,3311,NA,m,2022,0.28,8.2,NA,no
2022-04-09,13,3314,red,m,2020_2021,0.28,8.2,NA,yes
2022-04-09,0,3320,NA,m,2022,0,2,NA,no
2022-04-09,12,3322,red,m,2020_2021,0.22,8,NA,yes
2022-04-09,5,3324,red,m,2020_2021,0.2,7.4,Spotty Male,yes
2022-04-09,13,3328,red,m,2020_2021,0.28,8.2,NA,yes
2022-04-09,0,3337,NA,m,2022,0,2,Above pool 5/6,no
2022-04-09,1,3340,red,m,2020_2021,0.29,8,Color debated,yes
2022-04-09,6,3345,NA,m,2022,0.21,7.3,NA,no
2022-04-09,7,3347,NA,m,2022,0.21,8.3,NA,no
2022-04-09,12,3348,yellow,m,2017,0.22,8,NA,yes
2022-04-09,6,3349,NA,m,2022,0.21,7.3,NA,no
2022-04-09,15,3356,orange,m,2019,0.42,7.7,NA,yes
2022-04-09,7,3357,orange,m,2019,0.21,8.3,NA,yes
2022-04-09,12,3365,yellow,m,2017,0.22,8,NA,yes
2022-04-09,6,3366,NA,m,2022,0.21,7.3,NA,no
2022-04-09,5,3370,orange,m,2019,0.2,7.4,NA,yes
2022-04-09,7,3373,orange,m,2019,0.21,8.3,NA,yes
2022-04-09,5,3375,NA,m,NA,0.2,7.4,NA,NA
2022-04-09,15,3375,NA,m,NA,0.42,7.7,NA,NA
2022-04-09,5,3377,NA,m,NA,0.2,7.4,NA,NA
2022-04-09,12,3378,orange,m,2019,0.22,8,NA,yes
2022-04-09,3,3379,NA,m,2022,0.22,7.8,NA,no
2022-04-09,7,3385,NA,m,2022,0.21,8.3,NA,no
2022-04-09,6,3386,red,m,2020_2021,0.21,7.3,NA,yes
2022-04-09,6,3398,orange,m,2019,0.21,7.3,NA,yes
2022-04-09,5,3399,NA,m,2022,0.2,7.4,NA,no
2022-04-09,1,3402,orange,m,2019,0.29,8,NA,yes
2022-04-09,0,3403,red,m,2020_2021,0,2,NA,yes
2022-04-09,0,3404,NA,m,2022,0,2,Above pool 5/6,no
2022-04-10,7,3216,red,m,2020_2021,0.19,8.5,NA,yes
2022-04-10,5,3229,red,m,2020_2021,0.2,7.6,NA,yes
2022-04-10,15,3232,NA,f,2022,0.28,7.9,NA,no
2022-04-10,5,3262,pink,m,2018,0.2,7.6,NA,yes
2022-04-10,7,3274,red,m,2020_2021,0.19,8.5,NA,yes
2022-04-10,7,3321,NA,m,NA,0.19,8.5,NA,NA
2022-04-10,6,3370,orange,m,2019,0.2,7.7,NA,yes
2022-04-11,13,3214,NA,f,2022,0.27,11.3,NA,no
2022-04-11,7,3235,orange,f,2019,0.18,10.9,NA,yes
2022-04-11,9,3242,yellow,m,2017,0.7,11,NA,yes
2022-04-11,12,3259,yellow,m,2017,0.7,11,scarred face,yes
2022-04-11,7,3274,red,m,2020_2021,0.18,10.9,NA,yes
2022-04-11,15,3294,NA,f,2022,0.28,10.3,NA,no
2022-04-11,7,3302,NA,f,2022,0.18,10.9,NA,no
2022-04-11,12,3348,yellow,m,2017,0.7,11,NA,yes
2022-04-11,6,3386,red,m,2020_2021,0.16,8.8,NA,yes
2022-04-11,0,NA,red,f,2020_2021,0.21,10.5,above 8,yes
2022-04-11,7,NA,NA,f,2022,0.18,10.9,NA,no
2022-04-11,7,NA,orange,f,2019,0.18,10.9,NA,yes
2022-04-11,7,NA,orange,f,2019,0.18,10.9,NA,yes
2022-04-11,7,NA,NA,NA,NA,0.18,10.9,NA,NA
2022-04-11,11,NA,red,f,2020_2021,0.7,11,NA,yes
2022-04-11,12,NA,NA,f,NA,0.7,11,NA,NA
2022-04-11,13,NA,orange,f,2019,0.27,11.3,NA,yes
2022-04-11,13,NA,orange,f,2019,0.27,11.3,NA,yes
2022-04-12,12,3205,orange,f,2019,0.17,10.1,NA,yes
2022-04-12,7,3216,red,m,2020_2021,0.17,10,NA,yes
2022-04-12,7,3217,NA,m,2022,0.17,10,NA,no
2022-04-12,6,3228,NA,m,2022,0.15,9.2,NA,no
2022-04-12,7,3230,yellow,m,2017,0.17,10,Only has one eye,yes
2022-04-12,13,3232,NA,f,2022,0.26,10.4,NA,no
2022-04-12,7,3245,red,f,2020_2021,0.17,10,NA,yes
2022-04-12,7,3251,red,m,2020_2021,0.17,10,NA,yes
2022-04-12,13,3256,NA,f,2022,0.26,10.4,NA,no
2022-04-12,7,3267,red,f,2020_2021,0.17,10,NA,yes
2022-04-12,7,3268,yellow,m,2017,0.17,10,NA,yes
2022-04-12,11,3272,NA,f,2022,0.18,10.4,NA,no
2022-04-12,7,3274,red,m,2020_2021,0.17,10,NA,yes
2022-04-12,7,3277,orange,f,2019,0.17,10,NA,yes
2022-04-12,7,3296,NA,m,2022,0.17,10,NA,no
2022-04-12,6,3323,orange,m,2019,0.15,9.2,NA,yes
2022-04-12,12,3348,yellow,m,2017,0.17,10.1,NA,yes
2022-04-12,12,3390,yellow,m,2017,0.17,10.1,NA,yes
2022-04-12,0,3399,NA,m,2022,0.18,9.8,NA,no
2022-04-12,0,NA,orange,f,2019,0.19,10.5,NA,yes
2022-04-12,6,NA,NA,f,2022,0.15,9.2,NA,no
2022-04-12,6,NA,NA,f,2022,0.15,9.2,NA,no
2022-04-12,7,NA,orange,f,2019,0.17,10,NA,yes
2022-04-12,7,NA,orange,f,2019,0.17,10,NA,yes
2022-04-12,7,NA,NA,f,2022,0.17,10,NA,no
2022-04-12,7,NA,orange,f,2019,0.17,10,NA,yes
2022-04-12,7,NA,NA,f,2022,0.17,10,NA,no
2022-04-12,11,NA,NA,f,2022,0.18,10.4,NA,no
2022-04-12,13,NA,orange,f,2019,0.26,10.4,NA,yes
2022-04-12,14,NA,NA,f,2022,0.27,8.7,NA,no
2022-04-12,15,NA,orange,f,2019,0.27,9.6,NA,yes
2022-04-12,15,NA,NA,NA,NA,0.27,9.6,Uncaptured,NA
2022-04-12,15,NA,NA,NA,NA,0.27,9.6,Uncaptured,NA
2022-04-12,15,NA,NA,NA,NA,0.27,9.6,Uncaptured,NA
2022-04-12,15,NA,NA,NA,NA,0.27,9.6,Uncaptured,NA
2022-04-12,15,NA,NA,NA,NA,0.27,9.6,Uncaptured,NA
2022-04-12,15,NA,NA,NA,NA,0.27,9.6,Uncaptured,NA
2022-04-12,15,NA,NA,NA,NA,0.27,9.6,Uncaptured,NA
2022-04-13,0,3207,orange,m,2019,0.17,7.8,Above 5,yes
2022-04-13,7,3216,red,m,2020_2021,0.17,8.9,NA,yes
2022-04-13,6,3217,NA,m,2022,0.17,8.5,NA,no
2022-04-13,7,3218,NA,m,2022,0.17,8.9,NA,no
2022-04-13,7,3220,red,m,2020_2021,0.17,8.9,NA,yes
2022-04-13,0,3224,yellow,f,2017,0.17,7.8,Above 5,yes
2022-04-13,11,3226,NA,f,2022,0.16,9.7,NA,no
2022-04-13,6,3228,NA,m,2022,0.17,8.5,Later in the night at pool 6,no
2022-04-13,5,3229,red,m,2020_2021,0.17,8.6,NA,yes
2022-04-13,15,3232,NA,f,2022,0.28,9.3,NA,no
2022-04-13,7,3233,NA,m,2022,0.17,8.9,NA,no
2022-04-13,5,3236,NA,m,2022,0.17,8.6,NA,no
2022-04-13,6,3236,NA,m,2022,0.17,8.5,Later in the night at pool 6,no
2022-04-13,3,3239,NA,m,2022,0.16,9.7,NA,no
2022-04-13,7,3249,pink,m,2018,0.17,8.9,NA,yes
2022-04-13,7,3250,NA,m,2022,0.17,8.9,NA,no
2022-04-13,7,3252,orange,m,2019,0.17,8.9,NA,yes
2022-04-13,7,3253,red,m,2020_2021,0.17,8.9,NA,yes
2022-04-13,7,3258,orange,m,2019,0.17,8.9,NA,yes
2022-04-13,12,3259,yellow,m,2017,0.17,9.3,NA,yes
2022-04-13,12,3260,pink,m,2018,0.17,9.3,NA,yes
2022-04-13,7,3261,red,m,2020_2021,0.17,8.9,NA,yes
2022-04-13,5,3262,pink,m,2018,0.17,8.6,NA,yes
2022-04-13,6,3262,pink,m,2018,0.17,8.5,Later in the night at pool 6,yes
2022-04-13,12,3263,red,f,2020_2021,0.17,9.3,NA,yes
2022-04-13,5,3266,orange,m,2019,0.17,8.6,Has a scar that look like a tag scar but tag not detected,yes
2022-04-13,7,3266,orange,m,2019,0.17,8.9,NA,yes
2022-04-13,12,3269,orange,m,2019,0.17,9.3,NA,yes
2022-04-13,4,3270,NA,m,2022,0.21,9.4,NA,no
2022-04-13,12,3273,NA,m,NA,0.17,9.3,NA,NA
2022-04-13,5,3276,red,m,2020_2021,0.17,8.6,NA,yes
2022-04-13,6,3276,red,m,2020_2021,0.17,8.5,Later in the night at pool 6,yes
2022-04-13,12,3281,red,m,2020_2021,0.17,9.3,NA,yes
2022-04-13,5,3282,red,m,2020_2021,0.17,8.6,NA,yes
2022-04-13,12,3283,red,m,2020_2021,0.17,9.3,NA,yes
2022-04-13,2,3284,NA,f,NA,0.33,10.2,NA,NA
2022-04-13,5,3287,orange,m,2019,0.17,8.6,NA,yes
2022-04-13,6,3287,orange,m,2019,0.17,8.5,Later in the night at pool 6,yes
2022-04-13,5,3288,orange,m,2019,0.17,8.6,NA,yes
2022-04-13,11,3290,red,m,2020_2021,0.16,9.7,NA,yes
2022-04-13,13,3291,NA,f,2022,0.22,9.7,NA,no
2022-04-13,15,3293,NA,m,2022,0.28,9.3,NA,no
2022-04-13,15,3295,orange,m,2019,0.28,9.3,NA,yes
2022-04-13,12,3298,orange,m,2019,0.17,9.3,NA,yes
2022-04-13,15,3299,NA,m,2022,0.28,9.3,NA,no
2022-04-13,12,3300,NA,m,2022,0.17,9.3,NA,no
2022-04-13,7,3305,NA,m,2022,0.17,8.9,NA,no
2022-04-13,1,3306,red,m,2020_2021,0.18,9.8,NA,yes
2022-04-13,13,3314,red,m,2020_2021,0.22,9.7,NA,yes
2022-04-13,11,3317,orange,m,2019,0.16,9.7,NA,yes
2022-04-13,5,3324,red,m,2020_2021,0.17,8.6,NA,yes
2022-04-13,7,3329,red,m,2020_2021,0.17,8.9,NA,yes
2022-04-13,7,3330,red,m,2020_2021,0.17,8.9,NA,yes
2022-04-13,13,3334,NA,m,2022,0.22,9.7,NA,no
2022-04-13,3,3338,NA,m,2022,0.16,9.7,NA,no
2022-04-13,0,3339,yellow,f,2017,0,6.6,Above 8,yes
2022-04-13,1,3340,red,m,2020_2021,0.18,9.8,Color debated,yes
2022-04-13,5,3345,NA,m,2022,0.17,8.6,NA,no
2022-04-13,6,3347,NA,m,2022,0.17,8.5,NA,no
2022-04-13,12,3348,yellow,m,2017,0.17,9.3,NA,yes
2022-04-13,15,3351,orange,m,2019,0.28,9.3,NA,yes
2022-04-13,13,3356,orange,m,2019,0.22,9.7,NA,yes
2022-04-13,7,3357,orange,m,2019,0.17,8.9,NA,yes
2022-04-13,7,3358,NA,m,2022,0.17,8.9,NA,no
2022-04-13,7,3359,red,f,2020_2021,0.17,8.9,NA,yes
2022-04-13,5,3361,NA,m,NA,0.17,8.6,NA,NA
2022-04-13,5,3370,orange,m,2019,0.17,8.6,NA,yes
2022-04-13,12,3371,NA,m,2022,0.17,9.3,NA,no
2022-04-13,0,3375,NA,m,NA,0,6.6,Next to 5,NA
2022-04-13,0,3375,NA,m,NA,0,6.6,Above 8,NA
2022-04-13,5,3377,NA,m,NA,0.17,8.6,NA,NA
2022-04-13,6,3377,NA,m,NA,0.17,8.5,Later in the night at pool 6,NA
2022-04-13,11,3378,orange,m,2019,0.16,9.7,NA,yes
2022-04-13,2,3379,NA,m,2022,0.33,10.2,NA,no
2022-04-13,0,3380,NA,m,NA,0,6.6,Above 8,NA
2022-04-13,8,3380,NA,m,NA,0.15,9.4,NA,NA
2022-04-13,6,3386,red,m,2020_2021,0.17,8.5,NA,yes
2022-04-13,11,3389,orange,m,2019,0.16,9.7,NA,yes
2022-04-13,7,3390,yellow,m,2017,0.17,8.9,NA,yes
2022-04-13,5,3399,NA,m,2022,0.17,8.6,NA,no
2022-04-13,5,3401,NA,m,NA,0.17,8.6,NA,NA
2022-04-13,2,3402,orange,m,2019,0.33,10.2,NA,yes
2022-04-13,2,3403,red,m,2020_2021,0.33,10.2,NA,yes
2022-04-13,0,NA,red,f,2020_2021,0.17,7.8,Above 5,yes
2022-04-13,0,NA,NA,f,2022,0.17,7.8,Above 5,no
2022-04-13,0,NA,NA,f,2022,0.17,7.8,Above 5,no
2022-04-13,0,NA,NA,f,NA,0,6.6,Above 6,NA
2022-04-13,0,NA,NA,f,NA,0,6.6,Above 6,NA
2022-04-13,0,NA,NA,f,NA,0,6.6,Above 6,NA
2022-04-13,0,NA,NA,f,NA,0,6.6,Above 6,NA
2022-04-13,0,NA,NA,NA,NA,0,6.6,Below 11 Uncaptured,NA
2022-04-13,3,NA,NA,m,NA,0.16,9.7,NA,NA
2022-04-13,4,NA,red,f,2020_2021,0.21,9.4,NA,yes
2022-04-13,4,NA,NA,f,NA,0.21,9.4,NA,NA
2022-04-13,5,NA,NA,NA,NA,0.17,8.6,NA,NA
2022-04-13,5,NA,NA,NA,NA,0.17,8.6,Uncaptured,NA
2022-04-13,5,NA,NA,NA,NA,0.17,8.6,NA,NA
2022-04-13,5,NA,NA,NA,NA,0.17,8.6,Uncaptured,NA
2022-04-13,5,NA,NA,m,NA,0.17,8.6,NA,NA
2022-04-13,6,NA,NA,NA,NA,0.17,8.5,Uncaptured,NA
2022-04-13,6,NA,NA,m,NA,0.17,8.5,Later in the night at pool 6,NA
2022-04-13,6,NA,NA,f,NA,0.17,8.5,NA,NA
2022-04-13,6,NA,NA,f,NA,0.17,8.5,NA,NA
2022-04-13,7,NA,NA,f,NA,0.17,8.9,NA,NA
2022-04-13,7,NA,NA,f,NA,0.17,8.9,NA,NA
2022-04-13,7,NA,NA,NA,NA,0.17,8.9,NA,NA
2022-04-13,7,NA,NA,NA,NA,0.17,8.9,NA,NA
2022-04-13,7,NA,NA,NA,NA,0.17,8.9,NA,NA
2022-04-13,7,NA,NA,m,NA,0.17,8.9,NA,NA
2022-04-13,7,NA,NA,f,NA,0.17,8.9,NA,NA
2022-04-13,7,NA,NA,f,NA,0.17,8.9,NA,NA
2022-04-13,7,NA,NA,f,NA,0.17,8.9,NA,NA
2022-04-13,7,NA,NA,f,NA,0.17,8.9,NA,NA
2022-04-13,7,NA,NA,f,NA,0.17,8.9,NA,NA
2022-04-13,11,NA,NA,f,NA,0.16,9.7,NA,NA
2022-04-13,11,NA,NA,f,NA,0.16,9.7,NA,NA
2022-04-13,12,NA,NA,NA,NA,0.17,9.3,NA,NA
2022-04-13,13,NA,NA,NA,NA,0.22,9.7,NA,NA
2022-04-13,13,NA,NA,NA,NA,0.22,9.7,NA,NA
2022-04-13,13,NA,NA,NA,NA,0.22,9.7,NA,NA
2022-04-13,13,NA,orange,f,2019,0.22,9.7,NA,yes
2022-04-13,13,NA,red,f,2020_2021,0.22,9.7,NA,yes
2022-04-13,13,NA,NA,NA,NA,0.22,9.7,NA,NA
2022-04-13,15,NA,NA,NA,NA,0.28,9.3,Uncaptured,NA
2022-04-13,15,NA,NA,NA,NA,0.28,9.3,Uncaptured,NA
2022-04-13,15,NA,NA,NA,NA,0.28,9.3,Uncaptured,NA
2022-04-13,15,NA,NA,NA,NA,0.28,9.3,NA,NA
2022-04-14,3,3239,NA,m,2022,NA,NA,NA,no
2022-04-14,7,3274,red,m,2020_2021,0.18,7.8,NA,yes
2022-04-14,5,3276,red,m,2020_2021,0.17,7.8,NA,yes
2022-04-14,7,3278,yellow,m,2017,0.18,7.8,NA,yes
2022-04-14,7,3330,red,m,2020_2021,0.18,7.8,NA,yes
2022-04-14,13,3334,NA,m,2022,0.19,8,NA,no
2022-04-14,0,3339,yellow,f,2017,0,5.5,Above 6,yes
2022-04-14,6,3339,yellow,f,2017,NA,NA,NA,yes
2022-04-14,1,3340,red,m,2020_2021,0.2,9.3,Color debated,yes
2022-04-14,5,3391,red,m,2020_2021,0.17,7.8,NA,yes
2022-04-14,6,4887,orange,m,2019,NA,NA,NA,yes
2022-04-14,0,NA,NA,NA,NA,0,5.5,Parking,NA
2022-04-14,1,NA,NA,NA,NA,0.2,9.3,Uncaptured,NA
2022-04-14,7,NA,red,f,2020_2021,0.18,7.8,NA,yes
2022-04-14,7,NA,NA,f,2022,0.18,7.8,NA,no
2022-04-14,7,NA,orange,f,2019,0.18,7.8,NA,yes
2022-04-14,11,NA,orange,f,2019,0.17,8,NA,yes
2022-04-15,0,3276,red,m,2020_2021,0.19,7.8,above 6,yes
2022-04-15,7,3289,pink,m,2018,0.19,11.1,NA,yes
2022-04-15,7,3330,red,m,2020_2021,0.19,11.1,NA,yes
2022-04-15,13,3334,NA,m,2022,0.2,10.7,NA,no
2022-04-15,0,4904,red,f,2020_2021,0.19,7.8,NA,yes
2022-04-15,9,NA,orange,f,2019,0.19,10.6,NA,yes
2022-04-15,11,NA,NA,f,2022,0.2,10.5,NA,no
2022-04-16,13,3224,yellow,f,2017,0.18,8.8,NA,yes
2022-04-16,13,3226,NA,f,2022,0.18,8.8,NA,no
2022-04-16,11,3260,pink,m,2018,0.17,8.8,NA,yes
2022-04-16,13,3263,red,f,2020_2021,0.18,8.8,NA,yes
2022-04-16,1,3306,red,m,2020_2021,0.22,8.9,NA,yes
2022-04-16,1,3340,red,m,2020_2021,0.22,8.9,Color debated,yes
2022-04-16,5,3380,NA,m,NA,0.17,8.5,NA,NA
2022-04-16,11,3389,orange,m,2019,0.17,8.8,NA,yes
2022-04-16,0,NA,NA,f,2022,0,7.7,Between 5 & 8,no
2022-04-16,1,NA,NA,f,2022,0.22,8.9,NA,no
2022-04-16,7,NA,red,f,2020_2021,0.18,8.3,NA,yes
2022-04-16,7,NA,NA,f,2022,0.18,8.3,NA,no
2022-04-16,7,NA,NA,f,2022,0.18,8.3,NA,no
2022-04-16,7,NA,NA,f,2022,0.18,8.3,NA,no
2022-04-16,11,NA,NA,f,2022,0.17,8.8,NA,no
2022-04-16,11,NA,NA,f,2022,0.17,8.8,NA,no
2022-04-16,11,NA,NA,f,2022,0.17,8.8,NA,no
2022-04-16,12,NA,orange,f,2019,0.17,8.5,NA,yes
2022-04-16,12,NA,NA,f,2022,0.17,8.5,NA,no
2022-04-16,12,NA,NA,f,2022,0.17,8.5,NA,no
2022-04-16,13,NA,red,f,2020_2021,0.18,8.8,NA,yes
2022-04-16,13,NA,NA,f,2022,0.18,8.8,NA,no
2022-04-16,13,NA,NA,f,NA,0.18,8.8,Uncaptured,NA
2022-04-16,15,NA,NA,f,2022,0.29,8.6,NA,no
2022-04-16,15,NA,orange,f,2019,0.29,8.6,NA,yes
2022-04-17,15,3226,NA,f,2022,0.28,7.3,NA,no
2022-04-17,0,3307,orange,m,2019,0,2.7,Almost Dead - Above 6,yes
2022-04-17,13,4809,NA,f,2022,0.18,9.9,NA,no
2022-04-17,11,4815,NA,f,2022,0.2,7.5,NA,no
2022-04-17,7,4816,NA,f,2022,0.19,7.5,NA,no
2022-04-17,7,4822,NA,f,2022,0.19,7.5,NA,no
2022-04-17,13,4878,red,f,2020_2021,0.18,9.9,NA,yes
2022-04-17,13,4899,orange,f,2019,0.18,9.9,NA,yes
2022-04-17,12,4907,NA,f,2022,0.19,7.7,NA,no
2022-04-17,0,NA,NA,f,NA,0,2.7,"DECEASED Above 6 - Bodies torn apart, possible mink predation",NA
2022-04-17,0,NA,NA,f,NA,0,2.7,"DECEASED Above 6 - Bodies torn apart, possible mink predation",NA
2022-04-17,0,NA,NA,m,2022,0,2.7,"DECEASED Above 14 - body dessicated, likely killed by high winds while moving between pools",no
2022-04-17,7,NA,red,f,2020_2021,0.19,7.5,NA,yes
2022-04-17,7,NA,orange,f,2019,0.19,7.5,NA,yes
2022-04-17,7,NA,NA,f,2022,0.19,7.5,NA,no
2022-04-17,7,NA,NA,f,2022,0.19,7.5,NA,no
2022-04-17,11,NA,NA,f,2022,0.2,7.5,NA,no
2022-04-18,0,3307,orange,m,2019,0,3.3,DECEASED - Found with others in a pile likely made by a mink,yes
2022-04-18,7,NA,NA,f,2022,0.19,11,NA,no
2022-04-18,7,NA,orange,f,2019,0.19,11,NA,yes
2022-04-18,11,NA,NA,f,2022,0.19,11.5,NA,no
2022-04-18,11,NA,NA,f,2022,0.19,11.5,NA,no
2022-04-19,1,3340,red,m,2020_2021,26.5,7.9,DECEASED - 1.56ppt where found - likely died of osmotic shock fleeing higher salinities,yes
2022-04-19,6,4904,red,f,2020_2021,2.2,6.2,NA,yes
2022-04-20,NA,NA,NA,NA,NA,NA,NA,No Salamanders at the cliffs,NA
2022-04-21,1,4895,NA,f,2022,28.6,11.1,1.65ppt where found,no
2022-04-27,5,3268,yellow,m,2017,5.67,9.6,DECEASED - 0.36ppt where found - likely died of osmotic shock fleeing higher salinities,yes
2022-04-27,0,NA,NA,f,NA,7.2,0,between 6 & 7,NA
23-04-16,0,3262,orange,NA,2019,NA,NA,NA,yes
23-04-16,0,3228,NA,NA,2022,NA,NA,NA,yes
23-04-16,0,4745,NA,NA,2023,NA,NA,no color,no
23-04-16,0,4854,NA,NA,2023,NA,NA,above pool 2,no
23-04-16,1,3404,NA,NA,2022,0.14,10.4,NA,yes
23-04-16,1,3286,NA,NA,2022,0.14,10.4,NA,yes
23-04-16,1,3279,NA,NA,2022,0.14,10.4,NA,yes
23-04-16,1,4764,NA,NA,2023,0.14,10.4,NA,no
23-04-16,2,3403,red,NA,2020_2021,0.17,10.7,NA,yes
23-04-16,2,3402,pink,NA,2018,0.17,10.7,NA,yes
23-04-16,2,3339,yellow,NA,2017,0.17,10.7,NA,yes
23-04-16,2,4854,NA,NA,2022,0.17,10.7,NA,yes
23-04-16,2,4735,yellow,NA,2017,0.17,10.7,previously encountered tonight on the rocks,yes
23-04-16,2,3284,NA,NA,2023,0.17,10.7,2 untagged gravid females,no
23-04-16,7,3292,red,NA,2020_2021,0.23,10.4,NA,yes
23-04-16,7,3274,red,NA,2020_2021,0.23,10.4,NA,yes
23-04-16,7,3289,red,NA,2020_2021,0.23,10.4,NA,yes
23-04-16,7,3321,yellow,NA,2017,0.23,10.4,NA,yes
23-04-16,7,3374,yellow,NA,2017,0.23,10.4,NA,yes
23-04-16,7,3365,yellow,NA,2017,0.23,10.4,NA,yes
23-04-16,7,4800,NA,NA,2023,0.23,10.4,NA,no
23-04-16,7,3304,red,NA,2020_2021,0.23,10.4,NA,yes
23-04-16,7,3354,red,NA,2020_2021,0.23,10.4,NA,yes
23-04-16,7,3253,red,NA,2020_2021,0.23,10.4,NA,yes
23-04-16,7,3388,red,NA,2020_2021,0.23,10.4,NA,yes
23-04-16,7,3254,red,NA,2020_2021,0.23,10.4,NA,yes
23-04-16,7,3292,red,NA,2020_2021,0.23,10.4,NA,yes
23-04-16,7,3283,red,NA,2020_2021,0.23,10.4,NA,yes
23-04-16,7,3258,orange,NA,2019,0.23,10.4,NA,yes
23-04-16,7,3357,orange,NA,2019,0.23,10.4,NA,yes
23-04-16,7,3264,orange,NA,2019,0.23,10.4,NA,yes
23-04-16,7,3266,orange,NA,2019,0.23,10.4,NA,yes
23-04-16,7,3206,orange,NA,2019,0.23,10.4,NA,yes
23-04-16,7,3248,pink,NA,2018,0.23,10.4,NA,yes
23-04-16,7,4741,pink,NA,2018,0.23,10.4,NA,yes
23-04-16,7,3231,yellow,NA,2017,0.23,10.4,NA,yes
23-04-16,7,3348,yellow,NA,2017,0.23,10.4,NA,yes
23-04-16,7,3375,yellow,NA,2017,0.23,10.4,NA,yes
23-04-16,7,3237,yellow,NA,2017,0.23,10.4,NA,yes
23-04-16,7,3315,yellow,NA,2017,0.23,10.4,NA,yes
23-04-16,7,3259,yellow,NA,2017,0.23,10.4,NA,yes
23-04-16,7,3242,yellow,NA,2017,0.23,10.4,NA,yes
23-04-16,7,4883,NA,NA,2023,0.23,10.4,NA,no
23-04-16,7,3358,NA,NA,2023,0.23,10.4,NA,no
23-04-16,7,4863,NA,NA,2023,0.23,10.4,NA,no
23-04-16,7,3218,NA,NA,2023,0.23,10.4,NA,no
23-04-16,7,4714,NA,NA,2023,0.23,10.4,NA,no
23-04-16,7,4741,pink,NA,2018,0.23,10.4,NA,yes
23-04-16,7,4746,red,NA,2020_2021,0.23,10.4,NA,yes
23-04-16,7,4767,NA,NA,2023,0.23,10.4,NA,no
23-04-16,5,3396,red,NA,2020_2021,0.14,11,NA,yes
23-04-16,5,3326,red,NA,2020_2021,0.14,11,NA,yes
23-04-16,5,3207,orange,NA,2019,0.14,11,NA,yes
23-04-16,5,3396,pink,NA,2018,0.14,11,NA,yes
23-04-16,5,3243,yellow,NA,2017,0.14,11,NA,yes
23-04-16,5,4777,NA,NA,2023,0.14,11,no pit tag orange gravid female,no
23-04-16,6,3251,red,NA,2020_2021,0.16,10,NA,yes
23-04-16,6,3324,red,NA,2020_2021,0.16,10,NA,yes
23-04-16,6,4832,red,NA,2020_2021,0.16,10,NA,yes
23-04-16,6,3276,red,NA,2020_2021,0.16,10,NA,yes
23-04-16,6,3328,red,NA,2020_2021,0.16,10,NA,yes
23-04-16,6,3287,orange,NA,2019,0.16,10,NA,yes
23-04-16,6,4802,NA,NA,2023,0.16,10,NA,no
23-04-16,6,3383,NA,NA,2023,0.16,10,NA,no
23-04-16,6,4766,NA,NA,2023,0.16,10,NA,no
23-04-16,6,4732,NA,NA,2023,0.16,10,NA,no
23-04-16,8,3245,red,NA,2020_2021,0.14,11.6,NA,yes
23-04-16,8,3220,red,NA,2020_2021,0.14,11.6,NA,yes
23-04-16,8,3345,NA,NA,2023,0.14,11.6,NA,no
23-04-16,8,3399,NA,NA,2023,0.14,11.6,NA,no
23-04-16,8,4772,NA,NA,2023,0.14,11.6,NA,no
23-04-16,11,3329,red,NA,2020_2021,0.42,12.7,NA,yes
23-04-16,11,3355,orange,NA,2019,0.42,12.7,NA,yes
23-04-16,11,3358,NA,NA,2023,0.42,12.7,NA,no
23-04-16,11,4830,NA,NA,2023,0.42,12.7,NA,no
23-04-16,15,4797,red,NA,2020_2021,0.26,11.5,NA,yes
23-04-16,15,3351,orange,NA,2019,0.26,11.5,NA,yes
23-04-16,15,3378,orange,NA,2019,0.26,11.5,NA,yes
23-04-16,15,3370,pink,NA,2018,0.26,11.5,NA,yes
23-04-16,15,3244,pink,NA,2018,0.26,11.5,NA,yes
23-04-16,15,3382,NA,NA,2023,0.26,11.5,NA,no
23-04-16,15,4720,NA,NA,2023,0.26,11.5,NA,no
23-04-16,15,3275,NA,NA,2023,0.26,11.5,NA,no
23-04-16,15,3343,NA,NA,2023,0.26,11.5,NA,no
23-04-16,15,4791,red,NA,2020_2021,0.26,11.5,NA,yes
23-04-14,0,3328,red,NA,2020_2021,0.6,12.6,in tiny pool above pool 8,yes
23-04-14,0,3337,NA,NA,2022,0.6,12.6,in tiny pool above pool 9,yes
23-04-14,0,4802,NA,NA,2023,NA,NA,in dirt above pool 6,no
23-04-14,1,3403,red,NA,2020_2021,0.1,12.8,NA,yes
23-04-14,1,3404,NA,NA,2022,0.1,12.8,NA,yes
23-04-14,1,4854,NA,NA,2022,0.1,12.8,NA,yes
23-04-14,2,NA,NA,NA,NA,NA,NA,one egg mass not developing,NA
23-04-14,5,3370,red,NA,2020_2021,0.14,13.6,"two egg masses, unsure about development",yes
23-04-14,6,3359,red,NA,2020_2021,0.13,12,NA,yes
23-04-14,6,3401,red,NA,2020_2021,0.13,12,NA,yes
23-04-14,6,3383,NA,NA,2022,0.13,12,1 egg mass developing,yes
23-04-14,7,4898,red,NA,2020_2021,0.24,14.7,2 egg masses,yes
23-04-14,7,3261,red,NA,2020_2021,0.24,14.7,untagged yellow female,yes
23-04-14,7,3264,orange,NA,2019,0.24,14.7,NA,yes
23-04-14,7,3260,pink,NA,2018,0.24,14.7,NA,yes
23-04-14,7,3304,pink,NA,2018,0.24,14.7,"Might not be pink, hard to tell",yes
23-04-14,7,3352,yellow,NA,2017,0.24,14.7,NA,yes
23-04-14,7,3237,yellow,NA,2017,0.24,14.7,NA,yes
23-04-14,7,4755,orange,NA,2019,0.24,14.7,NA,yes
23-04-14,7,4714,NA,NA,2023,0.24,14.7,NA,no
23-04-14,8,3399,red,NA,2020_2021,0.14,14.7,2 egg masses developing,yes
23-04-14,8,3345,NA,NA,2022,0.14,14.7,NA,yes
23-04-14,8,3241,NA,NA,2022,0.14,14.7,NA,yes
23-04-14,11,4778,orange,NA,2019,0.25,14.5,NA,yes
23-04-14,11,3348,yellow,NA,2017,0.25,14.5,NA,yes
23-04-14,11,3272,NA,NA,2022,0.25,14.5,NA,yes
23-04-14,12,3216,red,NA,2020_2021,0.23,13.7,2 egg masses,yes
23-04-14,12,3389,orange,NA,2019,0.23,13.7,NA,yes
23-04-14,12,3234,NA,NA,2022,0.23,13.7,NA,yes
23-04-14,15,3223,NA,NA,2022,0.3,13.2,8 egg masses,yes
23-04-14,15,3382,NA,NA,2022,0.3,13.2,NA,yes
23-04-14,15,4797,red,NA,2020_2021,0.3,13.2,NA,yes
23-04-11,0,3363,red,NA,2020_2021,NA,NA,in pool above 8,yes
23-04-11,1,3379,NA,NA,2022,0.16,9,NA,yes
23-04-11,5,3339,red,NA,2020_2021,0.15,8.8,NA,yes
23-04-11,5,3329,red,NA,2020_2021,0.15,8.8,NA,yes
23-04-11,5,3361,orange,NA,2019,0.15,8.8,NA,yes
23-04-11,5,4766,NA,NA,2022,0.15,8.8,2 untagged gravid females,yes
23-04-11,7,3261,red,NA,2020_2021,0.17,9.1,NA,yes
23-04-11,7,4898,red,NA,2020_2021,0.17,9.1,NA,yes
23-04-11,7,3357,orange,NA,2019,0.17,9.1,NA,yes
23-04-11,7,4752,orange,NA,2019,0.17,9.1,has orange and red?,yes
23-04-11,7,3258,orange,NA,2019,0.17,9.1,NA,yes
23-04-11,7,3237,yellow,NA,2017,0.17,9.1,NA,yes
23-04-11,7,3375,yellow,NA,2017,0.17,9.1,NA,yes
23-04-11,7,3332,NA,NA,2022,0.17,9.1,NA,yes
23-04-11,7,3272,NA,NA,2022,0.17,9.1,NA,yes
23-04-11,7,4863,NA,NA,2023,0.17,9.1,NA,no
23-04-11,7,4900,NA,NA,2023,0.17,9.1,NA,no
23-04-11,7,4830,NA,NA,2023,0.17,9.1,NA,no
23-04-11,7,4865,NA,NA,2023,0.17,9.1,NA,no
23-04-11,8,3348,yellow,NA,2017,0.16,9.6,NA,yes
23-04-11,8,4880,NA,NA,2022,0.16,9.6,NA,yes
23-04-11,8,3241,NA,NA,2022,0.16,9.6,NA,yes
23-04-11,8,3328,NA,NA,2022,0.16,9.6,NA,yes
23-04-11,8,3345,NA,NA,2022,0.16,9.6,NA,yes
23-04-11,11,3216,red,NA,2020_2021,12.15,11.5,NA,yes
23-04-11,11,3273,red,NA,2020_2021,12.15,11.5,NA,yes
23-04-11,11,3235,orange,NA,2019,12.15,11.5,NA,yes
23-04-11,12,3378,orange,NA,2019,0.22,9.8,NA,yes
23-04-11,12,4883,NA,NA,2022,0.22,9.8,NA,yes
23-04-11,15,3223,NA,NA,2022,0.36,9.1,NA,yes
23-04-11,15,3257,NA,NA,2022,0.36,9.1,NA,yes
23-04-11,15,4872,NA,NA,2023,0.36,9.1,NA,no
23-04-10,2,3279,NA,NA,2022,0.09,8,NA,yes
23-04-10,5,3229,red,NA,2020_2021,0.15,9.5,NA,yes
23-04-10,7,3261,red,NA,2020_2021,0.16,9.3,NA,yes
23-04-10,7,3292,red,NA,2020_2021,0.16,9.3,NA,yes
23-04-10,7,3289,red,NA,2020_2021,0.16,9.3,NA,yes
23-04-10,7,3235,orange,NA,2019,0.16,9.3,NA,yes
23-04-10,7,3264,orange,NA,2019,0.16,9.3,NA,yes
23-04-10,7,4752,orange,NA,2019,0.16,9.3,NA,yes
23-04-10,7,3237,yellow,NA,2017,0.16,9.3,NA,yes
23-04-10,8,4880,NA,NA,2022,0.16,10.2,NA,yes
23-04-10,8,3241,NA,NA,2022,0.16,10.2,NA,yes
23-04-10,8,3345,NA,NA,2022,0.16,10.2,NA,yes
23-04-10,12,3368,NA,NA,2022,0.23,8.8,NA,yes
23-04-10,13,NA,NA,NA,NA,3.73,12.5,untagged gravid female,NA
23-04-10,15,3275,yellow,NA,2017,0.42,9.2,NA,yes
23-04-09,1,NA,NA,NA,NA,0.08,7.6,NA,NA
23-04-09,2,NA,NA,NA,NA,0.16,6.9,"one egg mass, maybe not developing?",NA
23-04-09,5,3229,red,NA,2020_2021,0.16,7.7,NA,yes
23-04-09,6,3359,red,NA,2020_2021,0.15,6.6,spermatafores but no eggs,yes
23-04-09,7,3261,red,NA,2020_2021,4.23,9.6,NA,yes
23-04-09,7,3264,orange,NA,2019,4.23,9.6,NA,yes
23-04-09,7,3352,yellow,NA,2017,4.23,9.6,NA,yes
23-04-09,7,4898,red,NA,2020_2021,4.23,9.6,NA,yes
23-04-09,8,3345,NA,NA,2022,0.16,8.3,NA,yes
23-04-09,8,3241,NA,NA,2022,0.16,8.3,NA,yes
23-04-09,12,NA,NA,NA,NA,0.25,8.3,"one egg mass, no spermatafor, one super gravid female untagged",NA
23-04-09,13,3331,NA,NA,2022,7.36,9.8,NA,yes
23-04-09,15,3275,NA,NA,2022,0.57,8.2,"maybe one gravid female, two egg masses, no spermatafores",yes
23-04-06,0,3370,red,NA,2020_2021,NA,NA,NA,yes
23-04-06,1,3403,pink,NA,2018,0.18,6.5,NA,yes
23-04-06,1,4888,NA,NA,2022,0.18,6.5,NA,yes
23-04-06,1,3379,NA,NA,2022,0.18,6.5,NA,yes
23-04-06,1,4838,NA,NA,2022,0.18,6.5,"injured earlier during pit injection, looking healthy now",yes
23-04-06,2,3211,orange,NA,2019,0.29,6.6,NA,yes
23-04-06,2,3279,NA,NA,2022,0.29,6.6,NA,yes
23-04-06,2,3284,NA,NA,2022,0.29,6.6,NA,yes
23-04-06,2,3286,NA,NA,2022,0.29,6.6,NA,yes
23-04-06,3,4842,NA,NA,2022,11.63,7.4,NA,yes
23-04-06,5,3324,red,NA,2020_2021,0.38,7,NA,yes
23-04-06,5,3276,red,NA,2020_2021,0.38,7,NA,yes
23-04-06,5,3229,pink,NA,2018,0.38,7,NA,yes
23-04-06,5,3375,yellow,NA,2017,0.38,7,NA,yes
23-04-06,5,3236,NA,NA,2022,0.38,7,NA,yes
23-04-06,5,4756,NA,NA,2023,0.38,7,NA,no
23-04-06,6,3251,red,NA,2020_2021,0.18,6.1,NA,yes
23-04-06,6,3283,red,NA,2020_2021,0.18,6.1,NA,yes
23-04-06,6,3359,red,NA,2020_2021,0.18,6.1,NA,yes
23-04-06,6,3287,orange,NA,2019,0.18,6.1,NA,yes
23-04-06,6,3383,NA,NA,2022,0.18,6.1,NA,yes
23-04-06,6,3319,NA,NA,2022,0.18,6.1,NA,yes
23-04-06,6,3401,NA,NA,2022,0.18,6.1,has color tag but couldn't read it,yes
23-04-06,6,3228,NA,NA,2022,0.18,6.1,NA,yes
23-04-06,7,3292,red,NA,2020_2021,17.21,9.6,NA,yes
23-04-06,7,3322,red,NA,2020_2021,17.21,9.6,NA,yes
23-04-06,7,3290,red,NA,2020_2021,17.21,9.6,NA,yes
23-04-06,7,3261,red,NA,2020_2021,17.21,9.6,NA,yes
23-04-06,7,3361,orange,NA,2019,17.21,9.6,NA,yes
23-04-06,7,3374,yellow,NA,2017,17.21,9.6,NA,yes
23-04-06,7,3390,yellow,NA,2017,17.21,9.6,NA,yes
23-04-06,7,3243,yellow,NA,2017,17.21,9.6,yellow and red..,yes
23-04-06,7,3218,NA,NA,2022,17.21,9.6,NA,yes
23-04-06,7,3304,NA,NA,2022,17.21,9.6,NA,yes
23-04-06,7,3397,NA,NA,2022,17.21,9.6,NA,yes
23-04-06,7,3311,NA,NA,2022,17.21,9.6,NA,yes
23-04-06,7,4805,NA,NA,2023,17.21,9.6,NA,no
23-04-06,7,4752,NA,NA,2023,17.21,9.6,NA,no
23-04-06,8,4832,red,NA,2020_2021,0.24,7,NA,yes
23-04-06,8,3241,NA,NA,2022,0.24,7,NA,yes
23-04-06,8,3345,NA,NA,2022,0.24,7,NA,yes
23-04-06,8,3320,NA,NA,2022,0.24,7,NA,yes
23-04-06,8,3337,NA,NA,2022,0.24,7,NA,yes
23-04-06,11,3348,yellow,NA,2017,0.61,12.2,NA,yes
23-04-06,11,4801,NA,NA,2023,0.61,12.2,NA,no
23-04-06,11,4794,NA,NA,2023,0.61,12.2,NA,no
23-04-06,11,4757,NA,NA,2023,0.61,12.2,NA,no
23-04-06,12,3273,red,NA,2020_2021,0.29,6.9,NA,yes
23-04-06,12,3399,red,NA,2020_2021,0.29,6.9,may not be red,yes
23-04-06,12,3289,red,NA,2020_2021,0.29,6.9,NA,yes
23-04-06,12,3216,pink,NA,2018,0.29,6.9,NA,yes
23-04-06,12,3234,NA,NA,2022,0.29,6.9,NA,yes
23-04-06,15,3223,NA,NA,2022,0.45,6.8,NA,yes
23-04-06,15,4708,NA,NA,2023,0.45,6.8,NA,no
23-04-06,0,3237,yellow,NA,2017,NA,NA,between pools 6 and 7,yes
23-04-06,0,3319,NA,NA,2022,NA,NA,between pools 6 and 8,yes
23-04-06,0,4766,NA,NA,2023,NA,NA,between pools 6 and 9,no
23-04-06,0,4734,NA,NA,2023,NA,NA,between pools 6 and 10,no
23-04-06,1,4888,NA,NA,2023,0.1,8,first trip on the 6th everything above is second trip,no
23-04-06,2,4842,NA,NA,2023,0.18,6.9,"one unmarked gravid female, egg mass present",no
23-04-06,5,3359,orange,NA,2019,0.18,7.1,NA,yes
23-04-06,7,4889,NA,NA,2023,13.13,10.8,NA,no
23-04-06,8,4832,red,NA,2020_2021,0.18,7.5,NA,yes
23-04-06,8,3345,NA,NA,2022,0.18,7.5,NA,yes
23-04-06,8,3241,NA,NA,2022,0.18,7.5,NA,yes
23-04-06,10,4880,NA,NA,2023,0.29,7.9,NA,no
23-04-06,12,3220,red,NA,2020_2021,0.33,7.1,NA,yes
23-04-06,12,3206,orange,NA,2019,0.33,7.1,NA,yes
23-04-06,12,3259,yellow,NA,2017,0.33,7.1,NA,yes
23-04-06,12,3234,NA,NA,2022,0.33,7.1,NA,yes
23-04-06,12,4883,NA,NA,2022,0.33,7.1,NA,yes
23-04-06,12,3399,NA,NA,2022,0.33,7.1,one small untagged male present,yes
23-04-06,13,3328,red,NA,2020_2021,9.13,8.8,one untagged female gravid,yes
23-04-04,1,3379,NA,NA,2022,0.19,9.6,NA,yes
23-04-04,1,4854,NA,NA,2023,0.19,9.6,NA,no
23-04-04,1,4888,NA,NA,2023,0.19,9.6,NA,no
23-04-04,8,3345,NA,NA,2022,0.11,8,few spermataphore,yes
23-04-04,15,NA,NA,NA,NA,1.03,7.6,2019 untagged gravid female,NA
23-04-03,0,3257,NA,NA,2022,0.5,7.5,in water next to poool 15,yes
23-04-03,1,3242,yellow,NA,2017,0.24,7.3,one got away,yes
23-04-03,6,NA,NA,NA,NA,NA,NA,has spermatophores,NA
23-04-03,8,3322,orange,NA,2019,0.2,8.7,NA,yes
23-04-03,8,3241,NA,NA,2022,0.2,8.7,NA,yes
23-04-03,13,NA,orange,NA,2019,0.26,5.8,"gravid female, did not tag",yes
23-04-03,15,3275,NA,NA,2022,1.63,7.2,NA,yes
23-04-01,0,3276,red,NA,2020_2021,NA,NA,NA,yes
23-04-01,0,3320,NA,NA,2022,NA,NA,NA,yes
23-04-01,0,3337,NA,NA,2022,NA,NA,NA,yes
23-04-01,0,4838,NA,NA,2023,NA,NA,"no color, injured slightly during injection",no
23-04-01,1,3403,NA,NA,2022,2.24,5.8,NA,yes
23-04-01,1,3379,NA,NA,2022,2.24,5.8,NA,yes
23-04-01,5,3316,orange,NA,2019,0.14,6.1,NA,yes
23-04-01,6,3248,red,NA,2020_2021,0.18,5.9,NA,yes
23-04-01,6,3287,orange,NA,2019,0.18,5.9,NA,yes
23-04-01,6,3384,orange,NA,2019,0.18,5.9,NA,yes
23-04-01,6,4902,NA,NA,2023,0.18,5.9,NA,no
23-04-01,6,4881,NA,NA,2023,0.18,5.9,injured during pit injection,no
23-04-01,6,4832,red,NA,2020_2021,0.18,5.9,NA,yes
23-04-01,7,3348,yellow,NA,2017,16.2,8.4,second salinity 5.8,yes
23-04-01,7,3332,NA,NA,2022,16.2,8.4,second salinity 5.8,yes
23-04-01,8,3345,orange,NA,2019,0.18,6.1,NA,yes
23-04-01,8,3363,NA,NA,2022,0.18,6.1,NA,yes
23-04-01,8,3337,NA,NA,2022,0.18,6.1,NA,yes
23-04-01,11,3355,orange,NA,2019,0.32,6.1,NA,yes
23-04-01,12,3273,red,NA,2020_2021,0.6,6.1,NA,yes
23-04-01,12,3216,red,NA,2020_2021,0.6,6.1,NA,yes
23-04-01,12,3281,red,NA,2020_2021,0.6,6.1,NA,yes
23-04-01,12,3259,yellow,NA,2017,0.6,6.1,NA,yes
23-04-01,12,3365,yellow,NA,2017,0.6,6.1,NA,yes
23-04-01,12,3358,NA,NA,2022,0.6,6.1,NA,yes
23-04-01,12,4883,NA,NA,2023,0.6,6.1,NA,no
23-04-01,13,3300,NA,NA,2022,0.4,6.2,NA,yes
23-04-01,15,3246,orange,NA,2019,3,6.3,NA,yes
23-04-01,16,3293,NA,NA,2022,3,6.3,NA,yes
